epoch,time,train/box_loss,train/cls_loss,train/dfl_loss,metrics/precision(B),metrics/recall(B),metrics/mAP50(B),metrics/mAP50-95(B),val/box_loss,val/cls_loss,val/dfl_loss,lr/pg0,lr/pg1,lr/pg2
1,240.925,1.86746,1.61057,1.21692,0.72632,0.41868,0.47678,0.23003,1.65864,1.04761,1.09657,0.00333126,0.00333126,0.00333126
2,529.428,1.68905,1.10705,1.09681,0.75763,0.44774,0.50669,0.25261,1.60567,0.92578,1.08985,0.00659862,0.00659862,0.00659862
3,762.727,1.70489,1.06445,1.09497,0.75305,0.44517,0.50544,0.2541,1.58781,0.93561,1.0927,0.00979997,0.00979997,0.00979997
1,179.549,1.98526,1.59928,1.18968,0.69692,0.32774,0.36747,0.17672,1.7258,1.06445,1.05525,0.00333126,0.00333126,0.00333126
2,354.063,1.79829,1.14559,1.07242,0.69375,0.33926,0.38015,0.18475,1.69933,1.00566,1.03946,0.00653264,0.00653264,0.00653264
